Timestamp,Average_OAT,Humidity,UV_Index,Average_Rainfall
2021-09-24 00:00:00,28.9395,80.38453333333332,0.0,1.0
2021-09-24 00:15:00,29.012,80.30786666666667,0.0,1.0
2021-09-24 00:30:00,28.94283333333333,80.76453333333335,0.0,1.0
2021-09-24 00:45:00,28.9245,82.22786666666667,0.0,0.0
2021-09-24 01:00:00,28.1795,89.23129999999999,0.0,0.0
2021-09-24 01:15:00,28.35033333333333,86.59463333333333,0.0,0.0
2021-09-24 01:30:00,28.216166666666663,84.48456666666667,0.0,0.0
2021-09-24 01:45:00,28.305333333333333,83.57786666666667,0.0,1.5
2021-09-24 02:00:00,28.552,83.90453333333333,0.0,1.5
2021-09-24 02:15:00,28.717,82.06453333333333,0.0,1.5
2021-09-24 02:30:00,28.8395,81.83786666666667,0.0,1.5
2021-09-24 02:45:00,28.882,82.08120000000001,0.0,0.0
2021-09-24 03:00:00,28.92033333333333,81.9412,0.0,0.0
2021-09-24 03:15:00,28.897,81.31453333333333,0.0,0.0
2021-09-24 03:30:00,28.861166666666666,81.62786666666666,0.0,0.0
2021-09-24 03:45:00,28.902833333333334,81.35453333333334,0.0,0.0
2021-09-24 04:00:00,28.897,81.24786666666667,0.0,0.0
2021-09-24 04:15:00,28.54116666666667,83.29786666666666,0.0,0.0
2021-09-24 04:30:00,28.3895,83.55120000000001,0.0,0.0
2021-09-24 04:45:00,28.64616666666667,82.3412,0.0,0.0
2021-09-24 05:00:00,28.7645,78.42113333333333,0.0,0.0
2021-09-24 05:15:00,28.69783333333333,78.14120000000001,0.0,0.0
2021-09-24 05:30:00,28.801166666666663,78.51786666666668,0.0,0.0
2021-09-24 05:45:00,28.925333333333334,78.22786666666667,0.0,0.0
2021-09-24 06:00:00,28.922833333333333,79.14786666666667,0.0,0.0
2021-09-24 06:15:00,28.94366666666667,80.23453333333333,0.0,0.0
2021-09-24 06:30:00,28.988666666666663,80.2512,0.0,0.0
2021-09-24 06:45:00,29.058666666666667,79.4912,0.0,0.0
2021-09-24 07:00:00,29.188666666666663,79.02786666666667,0.0,0.0
2021-09-24 07:15:00,29.24116666666667,76.86776666666667,0.0,0.0
2021-09-24 07:30:00,29.302833333333336,75.90776666666666,0.0,0.0
2021-09-24 07:45:00,29.3895,74.27776666666666,0.0,0.0
2021-09-24 08:00:00,29.442833333333336,74.88776666666666,0.0,0.0
2021-09-24 08:15:00,29.80116666666667,72.7011,0.3,0.0
2021-09-24 08:30:00,30.1395,72.93443333333333,0.3,0.0
2021-09-24 08:45:00,29.9845,73.6211,0.3,0.0
2021-09-24 09:00:00,30.202,72.53443333333333,0.3,0.0
2021-09-24 09:15:00,30.727833333333333,71.8011,2.0,0.0
2021-09-24 09:30:00,30.692,73.46443333333333,2.0,0.0
2021-09-24 09:45:00,29.21118333333333,81.5979,2.0,0.0
2021-09-24 10:00:00,27.55208333333333,85.77126666666668,2.0,0.0
2021-09-24 10:15:00,28.973666666666663,80.51453333333335,3.0,0.0
2021-09-24 10:30:00,29.51783333333333,78.4712,3.0,0.0
2021-09-24 10:45:00,29.8095,77.42450000000001,3.0,2.5
2021-09-24 11:00:00,30.308666666666667,75.04443333333334,3.0,2.5
2021-09-24 11:15:00,30.971166666666665,73.0911,5.0,2.5
2021-09-24 11:30:00,31.138666666666666,73.31776666666667,5.0,2.5
2021-09-24 11:45:00,30.743666666666662,73.8011,5.0,0.0
2021-09-24 12:00:00,30.91116666666667,72.98776666666667,5.0,0.0
2021-09-24 12:15:00,30.680333333333333,73.8011,8.0,0.0
2021-09-24 12:30:00,31.00616666666667,72.11776666666667,8.0,0.0
2021-09-24 12:45:00,31.346166666666665,71.23443333333334,8.0,0.0
2021-09-24 13:00:00,30.84283333333333,72.30776666666667,8.0,0.0
2021-09-24 13:15:00,30.98866666666667,74.10113333333334,8.0,0.0
2021-09-24 13:30:00,31.056166666666662,71.80443333333334,8.0,0.0
2021-09-24 13:45:00,31.46283333333333,70.7611,8.0,0.0
2021-09-24 14:00:00,31.086166666666667,71.18776666666666,8.0,0.0
2021-09-24 14:15:00,30.8695,72.09776666666666,6.0,0.0
2021-09-24 14:30:00,30.857,73.42110000000001,6.0,0.0
2021-09-24 14:45:00,30.777833333333334,69.92773333333334,6.0,0.0
2021-09-24 15:00:00,30.88033333333333,68.78433333333334,6.0,0.0
2021-09-24 15:15:00,30.672833333333333,68.99770000000001,4.0,0.0
2021-09-24 15:30:00,30.957,67.12766666666667,4.0,0.0
2021-09-24 15:45:00,30.981166666666667,66.53766666666667,4.0,0.0
2021-09-24 16:00:00,30.8895,66.46766666666666,4.0,0.0
2021-09-24 16:15:00,30.938666666666663,66.86433333333333,3.0,0.0
2021-09-24 16:30:00,31.117,68.14103333333334,3.0,0.0
2021-09-24 16:45:00,30.937833333333334,70.14443333333332,3.0,0.0
2021-09-24 17:00:00,30.790333333333333,71.48106666666666,3.0,0.0
2021-09-24 17:15:00,30.57783333333333,71.86443333333334,1.0,0.0
2021-09-24 17:30:00,30.19616666666667,74.01443333333333,1.0,0.0
2021-09-24 17:45:00,29.860333333333333,76.15443333333333,1.0,0.0
2021-09-24 18:00:00,29.48866666666667,78.99119999999999,1.0,0.0
2021-09-24 18:15:00,29.391166666666667,79.68786666666666,0.2,0.0
2021-09-24 18:30:00,29.392,79.65453333333333,0.2,0.0
2021-09-24 18:45:00,29.48783333333333,79.26786666666668,0.2,0.0
2021-09-24 19:00:00,29.474500000000003,78.91786666666667,0.2,0.0
2021-09-24 19:15:00,29.382,78.05786666666667,0.2,0.0
2021-09-24 19:30:00,29.36283333333333,77.78786666666666,0.2,0.0
2021-09-24 19:45:00,29.476166666666668,76.89446666666667,0.2,0.0
2021-09-24 20:00:00,29.453666666666667,77.50786666666666,0.2,0.0
2021-09-24 20:15:00,29.41033333333333,77.77120000000001,0.2,0.0
2021-09-24 20:30:00,29.4395,77.22786666666667,0.2,0.0
2021-09-24 20:45:00,29.4845,77.2812,0.2,0.0
2021-09-24 21:00:00,29.546166666666668,76.8778,0.2,0.0
2021-09-24 21:15:00,29.531166666666667,76.90780000000001,0.2,0.0
2021-09-24 21:30:00,29.505333333333336,77.81453333333333,0.2,0.0
2021-09-24 21:45:00,29.4545,77.23780000000001,0.2,0.0
2021-09-24 22:00:00,29.49116666666667,76.25776666666667,0.2,0.0
2021-09-24 22:15:00,29.422,77.36113333333333,0.2,0.0
2021-09-24 22:30:00,29.019500000000004,79.39786666666667,0.2,0.0
2021-09-24 22:45:00,29.141166666666663,78.6612,0.2,0.0
2021-09-24 23:00:00,29.21033333333333,78.63786666666667,0.2,0.0
2021-09-24 23:15:00,29.243666666666662,78.07453333333333,0.2,0.0
2021-09-24 23:30:00,29.242833333333333,76.84446666666666,0.2,0.0
2021-09-24 23:45:00,23.947916666666668,62.22925,0.2,0.0
2021-09-25 00:00:00,29.27283333333333,75.3811,0.2,0.0
2021-09-25 00:15:00,29.213666666666665,76.5511,0.2,0.0
2021-09-25 00:30:00,29.1895,76.77443333333333,0.2,0.0
2021-09-25 00:45:00,29.188666666666663,76.54443333333334,0.2,0.0
2021-09-25 01:00:00,29.1445,76.2611,0.2,0.0
2021-09-25 01:15:00,29.121166666666667,76.51113333333333,0.2,0.0
2021-09-25 01:30:00,29.07783333333333,77.91453333333334,0.2,0.0
2021-09-25 01:45:00,29.08533333333333,78.0512,0.2,0.0
2021-09-25 02:00:00,29.0245,78.02120000000001,0.2,0.0
2021-09-25 02:15:00,29.038666666666668,77.23780000000001,0.2,0.0
2021-09-25 02:30:00,29.005333333333336,77.59786666666666,0.2,0.0
2021-09-25 02:45:00,28.937833333333334,77.83783333333334,0.2,0.0
2021-09-25 03:00:00,28.83533333333333,79.23786666666666,0.2,0.0
2021-09-25 03:15:00,27.9637,85.28126666666667,0.2,0.0
2021-09-25 03:30:00,27.842866666666666,84.54123333333332,0.2,0.0
2021-09-25 03:45:00,28.031166666666667,83.32119999999999,0.2,0.5
2021-09-25 04:00:00,28.082000000000004,82.44786666666666,0.2,0.5
2021-09-25 04:15:00,28.13033333333333,81.81453333333333,0.2,0.5
2021-09-25 04:30:00,28.088666666666665,81.4812,0.2,0.5
2021-09-25 04:45:00,28.1095,80.63119999999999,0.2,0.0
2021-09-25 05:00:00,28.09283333333333,80.32453333333333,0.2,0.0
2021-09-25 05:15:00,28.05783333333333,80.7612,0.2,0.0
2021-09-25 05:30:00,28.052000000000003,80.3412,0.2,0.0
2021-09-25 05:45:00,28.018666666666665,80.48786666666666,0.2,0.0
2021-09-25 06:00:00,27.9695,80.1912,0.2,0.0
2021-09-25 06:15:00,28.022,79.43453333333333,0.2,0.0
2021-09-25 06:30:00,28.017,79.7412,0.2,0.0
2021-09-25 06:45:00,28.026166666666665,79.24453333333334,0.2,0.0
2021-09-25 07:00:00,28.071166666666667,78.66120000000001,0.2,0.0
2021-09-25 07:15:00,28.058666666666667,78.54453333333333,0.2,0.0
2021-09-25 07:30:00,28.141166666666667,78.22786666666667,0.2,0.0
2021-09-25 07:45:00,28.18116666666667,77.73786666666668,0.2,0.0
2021-09-25 08:00:00,28.326166666666666,76.80783333333333,0.2,0.0
2021-09-25 08:15:00,28.622,76.23113333333333,0.2,0.0
2021-09-25 08:30:00,29.266166666666663,73.8411,0.2,0.0
2021-09-25 08:45:00,30.08033333333333,71.58776666666667,0.2,0.0
2021-09-25 09:00:00,30.27533333333333,69.2477,0.2,0.0
2021-09-25 09:15:00,31.00783333333333,68.97436666666667,2.0,0.0
2021-09-25 09:30:00,30.03533333333333,70.9311,2.0,0.0
2021-09-25 09:45:00,29.862,71.38776666666666,2.0,0.0
2021-09-25 10:00:00,29.99783333333333,69.31106666666666,2.0,0.0
2021-09-25 10:15:00,31.023666666666667,65.31099999999999,3.0,0.0
2021-09-25 10:30:00,31.598666666666663,63.24433333333334,3.0,0.0
2021-09-25 10:45:00,31.577,63.561,3.0,0.0
2021-09-25 11:00:00,31.246166666666667,63.88433333333334,3.0,0.0
2021-09-25 11:15:00,31.2495,63.964333333333336,6.0,0.0
2021-09-25 11:30:00,31.042,65.78433333333334,6.0,0.0
2021-09-25 11:45:00,31.4245,63.21766666666667,6.0,0.0
2021-09-25 12:00:00,31.952,62.06096666666667,6.0,0.0
2021-09-25 12:15:00,32.458666666666666,60.504266666666666,7.0,0.0
2021-09-25 12:30:00,32.122,60.08423333333334,7.0,0.0
2021-09-25 12:45:00,32.1995,60.4976,7.0,0.0
2021-09-25 13:00:00,31.311166666666665,62.42433333333333,7.0,0.0
2021-09-25 13:15:00,31.67866666666667,62.2543,9.0,0.0
2021-09-25 13:30:00,31.725333333333328,62.667633333333335,9.0,0.0
2021-09-25 13:45:00,31.7645,61.797666666666665,9.0,0.0
2021-09-25 14:00:00,31.9345,61.9743,9.0,0.0
2021-09-25 14:15:00,32.01533333333333,61.5476,8.0,0.0
2021-09-25 14:30:00,31.9795,60.56093333333333,8.0,0.0
2021-09-25 14:45:00,32.00866666666666,61.2976,8.0,0.0
2021-09-25 15:00:00,31.59783333333333,61.09093333333334,8.0,0.0
2021-09-25 15:15:00,31.452,60.43423333333334,6.0,0.0
2021-09-25 15:30:00,31.312,60.7576,6.0,0.0
2021-09-25 15:45:00,30.89783333333333,60.3709,6.0,0.0
2021-09-25 16:00:00,31.489500000000003,60.430933333333336,6.0,0.0
2021-09-25 16:15:00,30.871166666666667,64.661,3.0,0.0
2021-09-25 16:30:00,30.997,64.95433333333334,3.0,0.0
2021-09-25 16:45:00,30.74533333333333,65.25433333333334,3.0,0.0
2021-09-25 17:00:00,30.571166666666667,66.661,3.0,0.0
2021-09-25 17:15:00,30.39283333333333,67.60433333333333,1.0,0.0
2021-09-25 17:30:00,30.387833333333333,68.77436666666667,1.0,0.0
2021-09-25 17:45:00,30.126166666666663,69.95106666666668,1.0,0.0
2021-09-25 18:00:00,29.638666666666666,71.66776666666667,1.0,0.0
2021-09-25 18:15:00,29.486166666666666,72.70443333333333,0.2,0.0
2021-09-25 18:30:00,29.375333333333334,73.40776666666666,0.2,0.0
2021-09-25 18:45:00,29.232,74.4511,0.2,0.0
2021-09-25 19:00:00,29.25616666666667,74.7411,0.2,0.0
2021-09-25 19:15:00,29.14033333333333,74.61443333333334,0.2,0.0
2021-09-25 19:30:00,29.22283333333333,74.25776666666667,0.2,0.0
2021-09-25 19:45:00,29.127,74.40776666666666,0.2,0.0
2021-09-25 20:00:00,29.16783333333333,74.17776666666667,0.2,0.0
2021-09-25 20:15:00,29.168666666666667,74.81443333333333,0.2,0.0
2021-09-25 20:30:00,29.191166666666664,75.0111,0.2,0.0
2021-09-25 20:45:00,29.21783333333333,75.3911,0.2,0.0
2021-09-25 21:00:00,29.227833333333333,75.16776666666668,0.2,0.0
2021-09-25 21:15:00,29.23033333333333,75.67110000000001,0.2,0.0
2021-09-25 21:30:00,29.19533333333333,76.5111,0.2,0.0
2021-09-25 21:45:00,29.25783333333333,76.47109999999999,0.2,0.0
2021-09-25 22:00:00,29.25283333333333,76.93446666666667,0.2,0.0
2021-09-25 22:15:00,29.236166666666666,77.42786666666667,0.2,0.0
2021-09-25 22:30:00,29.238666666666663,77.67786666666667,0.2,0.0
2021-09-25 22:45:00,29.1945,78.00453333333333,0.2,0.0
2021-09-25 23:00:00,29.148666666666667,77.7512,0.2,0.0
2021-09-25 23:15:00,29.055333333333333,77.80453333333334,0.2,0.0
2021-09-25 23:30:00,29.072000000000003,77.71786666666667,0.2,0.0
2021-09-25 23:45:00,24.72151388888889,68.7388111111111,0.2,0.0
2021-09-26 00:00:00,29.028666666666663,77.56786666666666,0.2,0.0
2021-09-26 00:15:00,29.016166666666667,76.92113333333333,0.2,0.0
2021-09-26 00:30:00,28.9945,75.57776666666666,0.2,0.0
2021-09-26 00:45:00,28.992833333333333,74.65443333333333,0.2,0.0
2021-09-26 01:00:00,28.986166666666666,72.47443333333332,0.2,0.0
2021-09-26 01:15:00,28.977833333333336,70.8911,0.2,0.0
2021-09-26 01:30:00,28.99866666666667,70.4611,0.2,0.0
2021-09-26 01:45:00,29.018666666666665,71.0611,0.2,0.0
2021-09-26 02:00:00,28.942833333333336,71.89776666666667,0.2,0.0
2021-09-26 02:15:00,28.948666666666668,70.9411,0.2,0.0
2021-09-26 02:30:00,28.907833333333333,70.59443333333333,0.2,0.0
2021-09-26 02:45:00,28.90116666666667,71.54443333333333,0.2,0.0
2021-09-26 03:00:00,28.78533333333333,74.09776666666666,0.2,0.0
2021-09-26 03:15:00,28.630333333333336,74.57443333333333,0.2,0.0
2021-09-26 03:30:00,28.577,74.26776666666666,0.2,0.0
2021-09-26 03:45:00,28.502,74.34443333333333,0.2,0.0
2021-09-26 04:00:00,28.441166666666664,75.30776666666667,0.2,0.0
2021-09-26 04:15:00,28.421166666666664,75.54776666666667,0.2,0.0
2021-09-26 04:30:00,28.26783333333333,76.70443333333333,0.2,0.0
2021-09-26 04:45:00,28.290333333333336,76.4511,0.2,0.0
2021-09-26 05:00:00,28.18533333333333,76.22443333333332,0.2,0.0
2021-09-26 05:15:00,28.0895,75.98776666666667,0.2,0.0
2021-09-26 05:30:00,28.036166666666663,75.84443333333333,0.2,0.0
2021-09-26 05:45:00,27.92618333333333,75.29443333333334,0.2,0.0
2021-09-26 06:00:00,27.81118333333333,76.04776666666667,0.2,0.0
2021-09-26 06:15:00,27.753733333333333,76.0011,0.2,0.0
2021-09-26 06:30:00,27.8337,75.43776666666668,0.2,0.0
2021-09-26 06:45:00,27.817,76.07776666666666,0.2,0.0
2021-09-26 07:00:00,27.901183333333336,75.66443333333333,0.2,0.0
2021-09-26 07:15:00,28.062833333333334,74.61443333333334,0.2,0.0
2021-09-26 07:30:00,28.376166666666663,73.07776666666666,0.2,0.0
2021-09-26 07:45:00,28.57283333333333,72.10443333333333,0.2,0.0
2021-09-26 08:00:00,29.2295,69.76773333333334,0.2,0.0
2021-09-26 08:15:00,28.9795,70.89776666666667,0.4,0.0
2021-09-26 08:30:00,28.945333333333338,70.77443333333333,0.4,0.0
2021-09-26 08:45:00,28.895333333333337,71.72109999999999,0.4,0.0
2021-09-26 09:00:00,28.8245,72.54443333333334,0.4,0.0
2021-09-26 09:15:00,28.778666666666663,72.7011,1.0,0.0
2021-09-26 09:30:00,28.7445,72.82776666666666,1.0,0.0
2021-09-26 09:45:00,28.782,72.51776666666667,1.0,0.0
2021-09-26 10:00:00,28.474499999999995,73.31776666666667,1.0,0.0
2021-09-26 10:15:00,28.606166666666667,72.7811,1.0,0.0
2021-09-26 10:30:00,28.6945,72.7711,1.0,0.0
2021-09-26 10:45:00,29.095333333333333,71.1811,1.0,0.0
2021-09-26 11:00:00,28.9695,71.17443333333334,1.0,0.0
2021-09-26 11:15:00,29.072,69.48443333333334,2.0,0.0
2021-09-26 11:30:00,29.207833333333337,69.92776666666667,2.0,0.0
2021-09-26 11:45:00,30.445333333333338,65.06099999999999,2.0,0.0
2021-09-26 12:00:00,30.262833333333333,65.51100000000001,2.0,0.0
2021-09-26 12:15:00,30.753666666666664,61.1676,5.0,0.0
2021-09-26 12:30:00,30.763666666666666,60.69756666666667,5.0,0.0
2021-09-26 12:45:00,30.671166666666668,60.504266666666666,5.0,0.0
2021-09-26 13:00:00,30.968666666666667,59.15756666666667,5.0,0.0
2021-09-26 13:15:00,31.0545,61.0609,6.0,0.0
2021-09-26 13:30:00,31.180333333333333,58.76423333333333,6.0,0.0
2021-09-26 13:45:00,30.907833333333333,60.08090000000001,6.0,0.0
2021-09-26 14:00:00,31.33033333333333,56.92756666666667,6.0,0.0
2021-09-26 14:15:00,30.982,56.344233333333335,6.0,0.0
2021-09-26 14:30:00,30.677000000000003,59.7009,6.0,0.0
2021-09-26 14:45:00,31.747,56.414233333333335,6.0,0.0
2021-09-26 15:00:00,32.13783333333333,54.23086666666666,6.0,0.0
2021-09-26 15:15:00,32.31033333333333,52.110833333333325,5.0,0.0
2021-09-26 15:30:00,31.7795,56.49423333333333,5.0,0.0
2021-09-26 15:45:00,31.397,57.73756666666667,5.0,0.0
2021-09-26 16:00:00,30.97866666666667,59.45093333333333,5.0,0.0
2021-09-26 16:15:00,31.298666666666666,58.60423333333333,3.0,0.0
2021-09-26 16:30:00,31.09283333333333,60.024233333333335,3.0,0.0
2021-09-26 16:45:00,31.17533333333333,59.44426666666666,3.0,0.0
2021-09-26 17:00:00,30.865333333333336,60.470933333333335,3.0,0.0
2021-09-26 17:15:00,30.16616666666667,64.01433333333334,1.0,0.0
2021-09-26 17:30:00,29.83783333333333,64.55766666666666,1.0,0.0
2021-09-26 17:45:00,29.60033333333333,65.441,1.0,0.0
2021-09-26 18:00:00,29.51033333333333,64.22766666666668,1.0,0.0
2021-09-26 18:15:00,29.3595,61.57763333333333,0.2,0.0
2021-09-26 18:30:00,29.19533333333333,60.0409,0.2,0.0
2021-09-26 18:45:00,29.093666666666667,57.54756666666666,0.2,0.0
2021-09-26 19:00:00,29.0145,58.95756666666667,0.2,0.0
2021-09-26 19:15:00,28.962,60.60423333333333,0.2,0.0
2021-09-26 19:30:00,28.94033333333333,60.37756666666667,0.2,0.0
2021-09-26 19:45:00,28.903666666666663,61.891,0.2,0.0
2021-09-26 20:00:00,28.7895,63.87433333333333,0.2,0.0
2021-09-26 20:15:00,28.6995,65.81433333333332,0.2,0.0
2021-09-26 20:30:00,28.686166666666665,66.61433333333333,0.2,0.0
2021-09-26 20:45:00,28.688666666666663,67.331,0.2,0.0
2021-09-26 21:00:00,28.5795,68.54766666666666,0.2,0.0
2021-09-26 21:15:00,28.503666666666664,69.55773333333333,0.2,0.0
2021-09-26 21:30:00,28.492833333333333,70.3011,0.2,0.0
2021-09-26 21:45:00,28.523666666666667,71.3711,0.2,0.0
2021-09-26 22:00:00,28.538666666666668,71.83109999999999,0.2,0.0
2021-09-26 22:15:00,28.492833333333333,72.62443333333333,0.2,0.0
2021-09-26 22:30:00,28.44283333333333,73.39110000000001,0.2,0.0
2021-09-26 22:45:00,28.431166666666662,73.9911,0.2,0.0
2021-09-26 23:00:00,28.4395,74.4311,0.2,0.0
2021-09-26 23:15:00,28.463666666666665,74.5111,0.2,0.0
2021-09-26 23:30:00,28.47283333333333,74.28776666666666,0.2,0.0
2021-09-26 23:45:00,24.19956944444445,65.29764444444444,0.2,0.0
2021-09-27 00:00:00,28.380333333333336,73.79776666666667,0.2,0.0
2021-09-27 00:15:00,28.380333333333336,73.88776666666666,0.2,0.0
2021-09-27 00:30:00,28.4095,73.8111,0.2,0.0
2021-09-27 00:45:00,28.41116666666667,73.60776666666668,0.2,0.0
2021-09-27 01:00:00,28.384500000000003,73.8011,0.2,0.0
2021-09-27 01:15:00,28.377,74.55776666666667,0.2,0.0
2021-09-27 01:30:00,28.349500000000003,74.03443333333333,0.2,0.0
2021-09-27 01:45:00,28.356166666666667,74.2311,0.2,0.0
2021-09-27 02:00:00,28.3045,74.47776666666667,0.2,0.0
2021-09-27 02:15:00,28.242,75.35776666666666,0.2,0.0
2021-09-27 02:30:00,28.250333333333334,75.57776666666666,0.2,0.0
2021-09-27 02:45:00,28.281166666666667,75.78776666666667,0.2,0.0
2021-09-27 03:00:00,28.2795,75.82776666666666,0.2,0.0
2021-09-27 03:15:00,28.312833333333334,76.69446666666667,0.2,0.0
2021-09-27 03:30:00,28.2795,76.0111,0.2,0.0
2021-09-27 03:45:00,28.322000000000003,75.60776666666668,0.2,0.0
2021-09-27 04:00:00,28.360333333333333,76.2111,0.2,0.0
2021-09-27 04:15:00,28.29283333333333,76.0011,0.2,0.0
2021-09-27 04:30:00,28.266166666666667,75.99776666666666,0.2,0.0
2021-09-27 04:45:00,28.216166666666663,76.34443333333333,0.2,0.0
2021-09-27 05:00:00,28.301166666666663,76.57443333333333,0.2,0.0
2021-09-27 05:15:00,28.290333333333333,76.48776666666667,0.2,0.0
2021-09-27 05:30:00,28.28783333333333,76.13443333333333,0.2,0.0
2021-09-27 05:45:00,28.349500000000003,76.1511,0.2,0.0
2021-09-27 06:00:00,28.3195,76.02443333333333,0.2,0.0
2021-09-27 06:15:00,28.2895,75.63776666666666,0.2,0.0
2021-09-27 06:30:00,28.3595,76.26780000000001,0.2,0.0
2021-09-27 06:45:00,28.457833333333337,74.90443333333333,0.2,0.0
2021-09-27 07:00:00,28.481166666666667,75.42776666666667,0.2,0.0
2021-09-27 07:15:00,28.46033333333333,76.80443333333334,0.2,0.0
2021-09-27 07:30:00,28.70283333333333,76.79113333333333,0.2,0.0
2021-09-27 07:45:00,29.437833333333334,73.85776666666666,0.2,0.0
2021-09-27 08:00:00,29.362,74.0111,0.2,0.0
2021-09-27 08:15:00,29.487,74.0711,0.4,0.0
2021-09-27 08:30:00,29.94283333333333,71.32443333333333,0.4,0.0
2021-09-27 08:45:00,29.717,72.00110000000001,0.4,0.0
2021-09-27 09:00:00,29.163666666666668,72.72776666666665,0.4,0.0
2021-09-27 09:15:00,30.15533333333333,68.8977,1.0,0.0
2021-09-27 09:30:00,30.7195,69.68436666666666,1.0,0.0
2021-09-27 09:45:00,30.667,66.98100000000001,1.0,0.0
2021-09-27 10:00:00,30.338666666666665,66.84433333333334,1.0,0.0
2021-09-27 10:15:00,30.6995,64.891,3.0,0.0
2021-09-27 10:30:00,31.1045,62.971,3.0,0.0
2021-09-27 10:45:00,30.872,65.33766666666666,3.0,0.0
2021-09-27 11:00:00,30.783666666666665,65.28433333333334,3.0,0.0
2021-09-27 11:15:00,30.63116666666667,65.54433333333333,5.0,0.0
2021-09-27 11:30:00,31.1595,63.69433333333333,5.0,0.0
2021-09-27 11:45:00,32.146166666666666,61.464333333333336,5.0,0.0
2021-09-27 12:00:00,31.412000000000003,63.711000000000006,5.0,0.0
2021-09-27 12:15:00,32.03366666666667,61.7443,5.0,0.0
2021-09-27 12:30:00,31.888666666666666,62.127633333333335,5.0,0.0
2021-09-27 12:45:00,31.617,69.34103333333333,5.0,0.0
2021-09-27 13:00:00,31.323666666666668,74.9111,5.0,0.0
2021-09-27 13:15:00,32.49616666666667,71.0844,8.0,0.0
2021-09-27 13:30:00,32.877833333333335,71.99443333333333,8.0,0.0
2021-09-27 13:45:00,32.21533333333333,72.37443333333333,8.0,0.0
2021-09-27 14:00:00,32.215333333333334,72.30443333333334,8.0,0.0
2021-09-27 14:15:00,32.58783333333333,68.98106666666666,5.0,0.0
2021-09-27 14:30:00,32.347833333333334,70.8311,5.0,0.0
2021-09-27 14:45:00,32.3845,69.61773333333333,5.0,0.0
2021-09-27 15:00:00,32.14533333333333,73.65443333333333,5.0,0.0
2021-09-27 15:15:00,31.846166666666665,72.3111,5.0,0.0
2021-09-27 15:30:00,32.20033333333333,68.46436666666666,5.0,0.0
2021-09-27 15:45:00,31.9795,70.87443333333334,5.0,0.0
2021-09-27 16:00:00,31.923666666666666,67.95100000000001,5.0,0.0
2021-09-27 16:15:00,31.536166666666663,70.67106666666666,3.0,0.0
2021-09-27 16:30:00,31.593666666666667,71.10443333333335,3.0,0.0
2021-09-27 16:45:00,31.336166666666667,70.09440000000001,3.0,0.0
2021-09-27 17:00:00,30.8895,69.02103333333334,3.0,0.0
2021-09-27 17:15:00,30.447000000000003,72.33109999999999,1.0,0.0
2021-09-27 17:30:00,29.95866666666667,74.9778,1.0,0.0
2021-09-27 17:45:00,29.638666666666666,71.98443333333334,1.0,0.0
2021-09-27 18:00:00,29.3345,73.28443333333333,1.0,0.0
2021-09-27 18:15:00,29.1745,73.62443333333333,0.2,0.0
2021-09-27 18:30:00,29.23033333333333,73.88443333333333,0.2,0.0
2021-09-27 18:45:00,29.316166666666664,75.07780000000001,0.2,0.0
2021-09-27 19:00:00,29.31033333333333,73.27109999999999,0.2,0.0
2021-09-27 19:15:00,29.26783333333333,74.11776666666667,0.2,0.0
2021-09-27 19:30:00,29.1695,75.4578,0.2,0.0
2021-09-27 19:45:00,29.142,79.14786666666667,0.2,0.0
2021-09-27 20:00:00,29.0695,78.32453333333333,0.2,0.0
2021-09-27 20:15:00,29.082833333333337,77.67116666666666,0.2,0.0
2021-09-27 20:30:00,29.09866666666667,76.08443333333334,0.2,0.0
2021-09-27 20:45:00,28.902,76.93113333333334,0.2,0.0
2021-09-27 21:00:00,28.83283333333333,77.5112,0.2,0.0
2021-09-27 21:15:00,28.812,77.67450000000001,0.2,0.0
2021-09-27 21:30:00,28.762833333333333,78.28786666666667,0.2,0.0
2021-09-27 21:45:00,28.647,78.07119999999999,0.2,0.0
2021-09-27 22:00:00,28.6195,77.2145,0.2,0.0
2021-09-27 22:15:00,28.601166666666668,76.3411,0.2,0.0
2021-09-27 22:30:00,28.5695,75.3711,0.2,0.0
2021-09-27 22:45:00,28.64283333333333,74.8811,0.2,0.0
2021-09-27 23:00:00,28.538666666666668,74.81776666666667,0.2,0.0
2021-09-27 23:15:00,28.462,74.92443333333334,0.2,0.0
2021-09-27 23:30:00,28.4445,74.53776666666667,0.2,0.0
2021-09-27 23:45:00,24.207069444444443,66.33319999999999,0.2,0.0
2021-09-28 00:00:00,28.471166666666665,75.0111,0.2,0.0
2021-09-28 00:15:00,28.452,74.90776666666666,0.2,0.0
2021-09-28 00:30:00,28.433666666666667,75.46776666666666,0.2,0.0
2021-09-28 00:45:00,28.42616666666667,75.85109999999999,0.2,0.0
2021-09-28 01:00:00,28.453666666666667,75.67776666666667,0.2,0.0
2021-09-28 01:15:00,28.471166666666665,75.83443333333334,0.2,0.0
2021-09-28 01:30:00,28.52116666666667,75.71443333333333,0.2,0.0
2021-09-28 01:45:00,28.591166666666663,75.47109999999999,0.2,0.0
2021-09-28 02:00:00,28.558666666666667,75.9211,0.2,0.0
2021-09-28 02:15:00,28.53783333333333,75.2611,0.2,0.0
2021-09-28 02:30:00,28.614500000000003,74.1511,0.2,0.0
2021-09-28 02:45:00,28.625333333333334,74.94776666666667,0.2,0.0
2021-09-28 03:00:00,28.5445,75.17776666666667,0.2,0.0
2021-09-28 03:15:00,28.572,74.5711,0.2,0.0
2021-09-28 03:30:00,28.602,73.33776666666667,0.2,0.0
2021-09-28 03:45:00,28.572000000000003,73.26776666666667,0.2,0.0
2021-09-28 04:00:00,28.53533333333333,74.13776666666666,0.2,0.0
2021-09-28 04:15:00,28.43533333333333,73.68443333333333,0.2,0.0
2021-09-28 04:30:00,28.44533333333333,73.42443333333334,0.2,0.0
2021-09-28 04:45:00,28.442833333333336,72.16443333333333,0.2,0.0
2021-09-28 05:00:00,28.450333333333333,71.85443333333333,0.2,0.0
2021-09-28 05:15:00,28.453666666666667,71.17776666666667,0.2,0.0
2021-09-28 05:30:00,28.4595,70.79443333333333,0.2,0.0
2021-09-28 05:45:00,28.512,70.70776666666667,0.2,0.0
2021-09-28 06:00:00,28.522,70.35776666666668,0.2,0.0
2021-09-28 06:15:00,28.5195,71.89443333333334,0.2,0.0
2021-09-28 06:30:00,28.4445,73.65776666666666,0.2,0.0
2021-09-28 06:45:00,28.70866666666667,72.19443333333334,0.2,0.0
2021-09-28 07:00:00,29.13533333333333,71.39443333333334,0.2,0.0
2021-09-28 07:15:00,29.312,70.9211,0.2,0.0
2021-09-28 07:30:00,29.356166666666667,68.85773333333333,0.2,0.0
2021-09-28 07:45:00,29.6845,66.48433333333334,0.2,0.0
2021-09-28 08:00:00,30.03033333333333,68.081,0.2,0.0
2021-09-28 08:15:00,29.87283333333333,70.61773333333333,0.4,0.0
2021-09-28 08:30:00,30.21033333333333,69.48103333333334,0.4,0.0
2021-09-28 08:45:00,30.57283333333333,68.45100000000001,0.4,0.0
2021-09-28 09:00:00,31.617833333333333,63.74433333333334,0.4,0.0
2021-09-28 09:15:00,31.802,71.11106666666666,1.0,0.0
2021-09-28 09:30:00,31.94033333333333,72.52443333333333,1.0,0.0
2021-09-28 09:45:00,32.06366666666667,66.99436666666666,1.0,0.0
2021-09-28 10:00:00,31.3395,72.66443333333332,1.0,0.0
2021-09-28 10:15:00,31.1945,73.12776666666667,4.0,0.0
2021-09-28 10:30:00,31.181166666666662,72.65443333333333,4.0,0.0
2021-09-28 10:45:00,30.767,74.24776666666666,4.0,0.0
2021-09-28 11:00:00,30.777,72.6011,4.0,0.0
2021-09-28 11:15:00,30.58783333333333,74.71113333333334,5.0,0.0
2021-09-28 11:30:00,30.895333333333337,74.36776666666667,5.0,0.0
2021-09-28 11:45:00,31.61616666666667,69.71773333333334,5.0,0.0
2021-09-28 12:00:00,32.75366666666667,65.131,5.0,0.0
2021-09-28 12:15:00,33.80616666666666,61.46763333333333,4.0,0.0
2021-09-28 12:30:00,33.622,64.27766666666668,4.0,0.0
2021-09-28 12:45:00,32.78783333333333,67.88103333333333,4.0,0.0
2021-09-28 13:00:00,32.526999999999994,67.52436666666667,4.0,0.0
2021-09-28 13:15:00,33.09616666666667,62.2043,4.0,0.0
2021-09-28 13:30:00,33.11866666666666,65.14763333333333,4.0,0.0
2021-09-28 13:45:00,32.81283333333334,67.96103333333333,4.0,0.0
2021-09-28 14:00:00,33.537,63.06763333333333,4.0,0.0
2021-09-28 14:15:00,32.747,61.9643,3.0,0.0
2021-09-28 14:30:00,33.0845,60.32426666666667,3.0,0.0
2021-09-28 14:45:00,33.19866666666667,62.2843,3.0,0.0
2021-09-28 15:00:00,33.397,62.627633333333335,3.0,0.0
2021-09-28 15:15:00,33.131166666666665,66.62766666666667,2.0,0.0
2021-09-28 15:30:00,33.0495,64.081,2.0,0.0
2021-09-28 15:45:00,32.622,67.00766666666668,2.0,0.0
2021-09-28 16:00:00,32.26616666666666,69.23103333333334,2.0,0.0
2021-09-28 16:15:00,32.23866666666667,68.17766666666667,2.0,0.0
2021-09-28 16:30:00,31.792,66.20766666666667,2.0,0.0
2021-09-28 16:45:00,31.44783333333333,68.49433333333333,2.0,0.0
2021-09-28 17:00:00,30.6895,71.69443333333334,2.0,0.0
2021-09-28 17:15:00,30.3195,73.04110000000001,0.7,0.0
2021-09-28 17:30:00,30.157833333333333,72.05776666666667,0.7,0.0
2021-09-28 17:45:00,29.798666666666666,74.69776666666667,0.7,0.0
2021-09-28 18:00:00,29.500333333333334,75.98446666666666,0.7,0.0
2021-09-28 18:15:00,29.348666666666663,76.7178,0.1,0.0
2021-09-28 18:30:00,29.24116666666667,76.4311,0.1,0.0
2021-09-28 18:45:00,29.247833333333336,76.5611,0.1,0.0
2021-09-28 19:00:00,29.227833333333336,76.5378,0.1,0.0
2021-09-28 19:15:00,29.201166666666666,77.14783333333334,0.1,0.0
2021-09-28 19:30:00,29.226166666666668,76.1311,0.1,0.0
2021-09-28 19:45:00,29.168666666666667,78.25786666666666,0.1,0.0
2021-09-28 20:00:00,29.134500000000003,80.62786666666666,0.1,0.0
2021-09-28 20:15:00,29.11616666666667,79.55786666666667,0.1,0.0
2021-09-28 20:30:00,29.13116666666667,79.9612,0.1,0.0
2021-09-28 20:45:00,29.037000000000003,78.53786666666667,0.1,0.0
2021-09-28 21:00:00,29.141166666666667,81.58786666666667,0.1,0.0
2021-09-28 21:15:00,28.915333333333336,82.25786666666666,0.1,0.0
2021-09-28 21:30:00,28.8145,85.57463333333332,0.1,0.0
2021-09-28 21:45:00,28.782,86.3113,0.1,0.0
2021-09-28 22:00:00,28.75616666666667,87.01796666666667,0.1,0.0
2021-09-28 22:15:00,28.733666666666668,86.13459999999999,0.1,0.0
2021-09-28 22:30:00,28.757833333333338,85.29123333333332,0.1,0.0
2021-09-28 22:45:00,28.65533333333333,84.97123333333333,0.1,0.0
2021-09-28 23:00:00,28.73783333333333,85.62796666666668,0.1,0.0
2021-09-28 23:15:00,28.692833333333336,82.82786666666668,0.1,0.0
2021-09-28 23:30:00,28.706166666666665,82.50453333333333,0.1,0.0
2021-09-28 23:45:00,23.517083333333336,69.32766666666667,0.1,0.0
2021-09-29 00:00:00,28.657,83.74453333333334,0.1,0.0
2021-09-29 00:15:00,28.67616666666667,84.94456666666667,0.1,0.0
2021-09-29 00:30:00,28.586166666666667,81.79786666666666,0.1,0.0
2021-09-29 00:45:00,28.6645,82.72453333333334,0.1,0.0
2021-09-29 01:00:00,28.586166666666667,85.44796666666666,0.1,0.0
2021-09-29 01:15:00,28.487833333333334,86.71796666666667,0.1,0.0
2021-09-29 01:30:00,28.465333333333334,85.89463333333333,0.1,0.0
2021-09-29 01:45:00,28.415333333333336,86.83796666666667,0.1,0.0
2021-09-29 02:00:00,28.282833333333333,87.13463333333334,0.1,0.0
2021-09-29 02:15:00,28.32033333333333,87.2713,0.1,0.0
2021-09-29 02:30:00,28.317,88.73463333333332,0.1,0.0
2021-09-29 02:45:00,28.1445,89.00463333333335,0.1,0.0
2021-09-29 03:00:00,28.203666666666667,88.44463333333333,0.1,0.0
2021-09-29 03:15:00,28.203666666666667,88.05796666666667,0.1,0.0
2021-09-29 03:30:00,28.055333333333333,88.09463333333333,0.1,0.0
2021-09-29 03:45:00,28.13283333333333,89.9113,0.1,0.0
2021-09-29 04:00:00,28.05366666666667,90.23796666666664,0.1,0.0
2021-09-29 04:15:00,27.985333333333333,91.0613,0.1,0.0
2021-09-29 04:30:00,27.81866666666667,91.6013,0.1,0.0
2021-09-29 04:45:00,27.889516666666665,92.29133333333334,0.1,0.0
2021-09-29 05:00:00,27.825366666666667,91.74463333333334,0.1,0.0
2021-09-29 05:15:00,27.84538333333333,91.5113,0.1,0.0
2021-09-29 05:30:00,27.67786666666667,91.51463333333334,0.1,0.0
2021-09-29 05:45:00,27.790366666666667,91.6413,0.1,0.0
2021-09-29 06:00:00,27.76621666666667,91.0013,0.1,0.0
2021-09-29 06:15:00,27.76288333333333,90.49796666666668,0.1,0.0
2021-09-29 06:30:00,27.848716666666665,89.55463333333334,0.1,0.0
2021-09-29 06:45:00,27.97283333333333,87.74796666666667,0.1,0.0
2021-09-29 07:00:00,28.362,87.0213,0.1,0.0
2021-09-29 07:15:00,28.632,87.55130000000001,0.1,0.0
2021-09-29 07:30:00,28.80033333333333,85.28126666666667,0.1,0.0
2021-09-29 07:45:00,29.033666666666665,83.25456666666666,0.1,0.0
2021-09-29 08:00:00,29.51533333333333,78.36786666666666,0.1,0.0
2021-09-29 08:15:00,30.512833333333333,77.78453333333333,0.3,0.0
2021-09-29 08:30:00,31.09783333333333,79.16120000000001,0.3,0.0
2021-09-29 08:45:00,31.099500000000003,82.98786666666668,0.3,0.0
2021-09-29 09:00:00,31.10033333333333,81.99453333333334,0.3,0.0
2021-09-29 09:15:00,30.978666666666665,82.33120000000001,1.0,0.0
2021-09-29 09:30:00,31.142,82.83786666666667,1.0,0.0
2021-09-29 09:45:00,31.06866666666667,83.1612,1.0,0.0
2021-09-29 10:00:00,31.380333333333336,80.0245,1.0,0.0
2021-09-29 10:15:00,31.297833333333333,78.92786666666667,3.0,0.0
2021-09-29 10:30:00,31.632,79.73450000000001,3.0,0.0
2021-09-29 10:45:00,31.69783333333333,77.2745,3.0,0.0
2021-09-29 11:00:00,31.747,78.9212,3.0,0.0
2021-09-29 11:15:00,32.32116666666666,76.9045,5.0,0.0
2021-09-29 11:30:00,32.29366666666667,77.5745,5.0,0.0
2021-09-29 11:45:00,32.12116666666667,79.39786666666667,5.0,0.0
2021-09-29 12:00:00,32.160333333333334,79.39786666666667,5.0,0.0
2021-09-29 12:15:00,32.4795,78.89120000000001,7.0,0.0
2021-09-29 12:30:00,32.580333333333336,77.8745,7.0,0.0
2021-09-29 12:45:00,32.315333333333335,79.50786666666666,7.0,0.0
2021-09-29 13:00:00,32.38366666666667,79.3112,7.0,0.0
2021-09-29 13:15:00,32.43033333333333,78.76453333333333,6.0,0.0
2021-09-29 13:30:00,32.707,77.83786666666667,6.0,0.0
2021-09-29 13:45:00,32.4695,78.04450000000001,6.0,0.0
2021-09-29 14:00:00,32.90616666666667,75.6978,6.0,0.0
2021-09-29 14:15:00,33.17783333333333,72.05776666666667,4.0,0.0
2021-09-29 14:30:00,32.99616666666667,71.2911,4.0,0.0
2021-09-29 14:45:00,33.142,71.90776666666666,4.0,0.0
2021-09-29 15:00:00,33.04116666666666,73.75443333333334,4.0,0.0
2021-09-29 15:15:00,32.35283333333333,78.0945,4.0,0.0
2021-09-29 15:30:00,31.548666666666666,80.78786666666667,4.0,0.0
2021-09-29 15:45:00,30.938666666666663,82.65786666666666,4.0,0.0
2021-09-29 16:00:00,30.782833333333333,83.95453333333334,4.0,0.0
2021-09-29 16:15:00,30.9995,83.23786666666666,2.0,0.0
2021-09-29 16:30:00,30.9895,82.77453333333334,2.0,0.0
2021-09-29 16:45:00,30.74116666666667,84.23786666666666,2.0,0.0
2021-09-29 17:00:00,30.60033333333333,84.3679,2.0,0.0
2021-09-29 17:15:00,30.30366666666667,85.88463333333334,0.9,0.0
2021-09-29 17:30:00,30.132,85.9346,0.9,0.0
2021-09-29 17:45:00,30.058666666666667,86.56796666666666,0.9,0.0
2021-09-29 18:00:00,30.04783333333333,87.07796666666667,0.9,0.0
2021-09-29 18:15:00,29.800333333333334,86.31796666666666,0.1,0.0
2021-09-29 18:30:00,29.647,85.67126666666667,0.1,0.0
2021-09-29 18:45:00,29.68283333333333,83.7179,0.1,0.0
2021-09-29 19:00:00,29.5845,82.9512,0.1,0.0
2021-09-29 19:15:00,29.557,82.48453333333333,0.1,0.0
2021-09-29 19:30:00,29.590333333333334,80.11453333333333,0.1,0.0
2021-09-29 19:45:00,29.547,76.9378,0.1,0.0
2021-09-29 20:00:00,29.4245,78.3712,0.1,0.0
2021-09-29 20:15:00,29.47866666666667,79.0612,0.1,0.0
2021-09-29 20:30:00,29.4345,79.0512,0.1,0.0
2021-09-29 20:45:00,29.401166666666665,79.94786666666666,0.1,0.0
2021-09-29 21:00:00,29.402,79.71786666666667,0.1,0.0
2021-09-29 21:15:00,29.281166666666667,82.26453333333335,0.1,0.0
2021-09-29 21:30:00,29.1945,82.4012,0.1,0.0
2021-09-29 21:45:00,29.23783333333333,82.83453333333334,0.1,0.0
2021-09-29 22:00:00,29.2345,82.2512,0.1,0.0
2021-09-29 22:15:00,29.177833333333336,82.60453333333334,0.1,0.0
2021-09-29 22:30:00,29.21033333333333,81.85786666666667,0.1,0.0
2021-09-29 22:45:00,29.2345,81.61453333333334,0.1,0.0
2021-09-29 23:00:00,29.173666666666666,81.66786666666667,0.1,0.0
2021-09-29 23:15:00,29.220333333333333,80.82453333333333,0.1,0.0
2021-09-29 23:30:00,29.158666666666665,81.58786666666667,0.1,0.0
2021-09-29 23:45:00,24.69068055555556,72.54884444444444,0.1,0.0
2021-09-30 00:00:00,29.07783333333333,82.58453333333334,0.1,0.0
2021-09-30 00:15:00,29.05366666666667,82.54453333333333,0.1,0.0
2021-09-30 00:30:00,28.974499999999995,82.94453333333333,0.1,0.0
2021-09-30 00:45:00,28.938666666666663,83.38119999999999,0.1,0.0
2021-09-30 01:00:00,28.932,83.41120000000001,0.1,0.0
2021-09-30 01:15:00,28.88116666666667,83.80786666666667,0.1,0.0
2021-09-30 01:30:00,28.846166666666665,83.17453333333334,0.1,0.0
2021-09-30 01:45:00,28.868666666666662,83.07119999999999,0.1,0.0
2021-09-30 02:00:00,28.821166666666667,83.57453333333333,0.1,0.0
2021-09-30 02:15:00,28.7995,83.81453333333333,0.1,0.0
2021-09-30 02:30:00,28.77033333333333,84.10453333333334,0.1,0.0
2021-09-30 02:45:00,28.74533333333333,84.77793333333334,0.1,0.0
2021-09-30 03:00:00,28.625333333333334,87.03796666666666,0.1,0.0
2021-09-30 03:15:00,28.5145,88.97796666666666,0.1,0.0
2021-09-30 03:30:00,28.461166666666667,88.24463333333334,0.1,0.0
2021-09-30 03:45:00,28.431166666666662,88.07796666666667,0.1,0.0
2021-09-30 04:00:00,28.442833333333336,88.41796666666666,0.1,0.0
2021-09-30 04:15:00,28.3895,89.26463333333334,0.1,0.0
2021-09-30 04:30:00,28.4295,88.99463333333334,0.1,0.0
2021-09-30 04:45:00,28.468666666666667,89.18130000000001,0.1,0.0
2021-09-30 05:00:00,28.45533333333333,90.18796666666668,0.1,0.0
2021-09-30 05:15:00,28.22866666666667,90.68796666666668,0.1,0.0
2021-09-30 05:30:00,28.196166666666667,89.7613,0.1,0.0
2021-09-30 05:45:00,28.262833333333333,87.32796666666667,0.1,0.0
2021-09-30 06:00:00,28.36616666666667,86.0613,0.1,0.0
2021-09-30 06:15:00,28.412000000000003,87.3313,0.1,0.0
2021-09-30 06:30:00,28.437833333333334,87.62463333333334,0.1,0.0
2021-09-30 06:45:00,28.64616666666667,87.07796666666667,0.1,0.0
2021-09-30 07:00:00,29.02533333333333,85.06456666666666,0.1,0.0
2021-09-30 07:15:00,29.30116666666667,84.78453333333333,0.1,0.0
2021-09-30 07:30:00,29.71033333333333,83.7912,0.1,0.0
2021-09-30 07:45:00,30.266166666666667,85.0579,0.1,0.0
2021-09-30 08:00:00,30.85783333333333,87.5813,0.1,0.0
2021-09-30 08:15:00,31.1395,86.83796666666667,0.4,0.0
2021-09-30 08:30:00,31.13283333333333,86.14793333333334,0.4,0.0
2021-09-30 08:45:00,31.224500000000003,85.65129999999999,0.4,0.0
2021-09-30 09:00:00,31.32783333333333,84.54123333333332,0.4,0.0
2021-09-30 09:15:00,31.772,86.0613,2.0,0.0
2021-09-30 09:30:00,31.628666666666664,85.28126666666667,2.0,0.0
2021-09-30 09:45:00,31.8295,84.15453333333333,2.0,0.0
2021-09-30 10:00:00,32.160333333333334,82.62456666666667,2.0,0.0
2021-09-30 10:15:00,32.300333333333334,82.1079,3.0,0.0
2021-09-30 10:30:00,32.5695,83.0312,3.0,0.0
2021-09-30 10:45:00,32.57033333333333,80.8112,3.0,0.0
2021-09-30 11:00:00,32.556999999999995,81.11453333333333,3.0,0.0
2021-09-30 11:15:00,33.12366666666667,75.42443333333334,6.0,0.0
2021-09-30 11:30:00,32.9345,78.94453333333333,6.0,0.0
2021-09-30 11:45:00,32.85033333333333,78.45120000000001,6.0,0.0
2021-09-30 12:00:00,33.491166666666665,76.6445,6.0,0.0
2021-09-30 12:15:00,33.262,78.31786666666666,7.0,0.0
2021-09-30 12:30:00,32.95366666666667,78.7112,7.0,0.0
2021-09-30 12:45:00,33.023666666666664,78.19786666666666,7.0,0.0
2021-09-30 13:00:00,33.540333333333336,74.02776666666666,7.0,0.0
2021-09-30 13:15:00,34.0295,72.62106666666666,7.0,0.0
2021-09-30 13:30:00,34.30616666666666,70.63440000000001,7.0,0.0
2021-09-30 13:45:00,33.30950000000001,78.37116666666667,7.0,0.0
2021-09-30 14:00:00,32.07366666666667,79.36453333333333,7.0,0.0
2021-09-30 14:15:00,31.9895,79.57786666666668,5.0,0.0
2021-09-30 14:30:00,31.51033333333333,82.16453333333334,5.0,0.0
2021-09-30 14:45:00,31.23283333333333,84.43453333333333,5.0,0.0
2021-09-30 15:00:00,31.35533333333333,82.52786666666667,5.0,0.0
2021-09-30 15:15:00,31.9995,80.0912,2.0,0.0
2021-09-30 15:30:00,31.790333333333336,81.5412,2.0,0.0
2021-09-30 15:45:00,31.992,82.62786666666666,2.0,0.0
2021-09-30 16:00:00,32.053666666666665,82.32453333333333,2.0,0.0
2021-09-30 16:15:00,32.272,81.33786666666667,2.0,0.0
2021-09-30 16:30:00,31.981166666666667,83.62123333333334,2.0,0.0
2021-09-30 16:45:00,31.277833333333334,86.72796666666666,2.0,0.0
2021-09-30 17:00:00,31.027,87.7813,2.0,0.0
2021-09-30 17:15:00,30.85783333333333,89.30130000000001,0.8,0.0
2021-09-30 17:30:00,30.57033333333333,89.90796666666665,0.8,0.0
2021-09-30 17:45:00,30.247,88.59463333333333,0.8,0.0
2021-09-30 18:00:00,29.956166666666665,83.70120000000001,0.8,0.0
2021-09-30 18:15:00,29.637,84.41786666666667,0.1,0.0
2021-09-30 18:30:00,29.6995,83.83786666666667,0.1,0.0
2021-09-30 18:45:00,29.71283333333333,85.6613,0.1,0.0
2021-09-30 19:00:00,29.7345,85.1846,0.1,0.0
2021-09-30 19:15:00,29.663666666666668,85.17456666666668,0.1,0.0
2021-09-30 19:30:00,29.706166666666665,85.47796666666666,0.1,0.0
2021-09-30 19:45:00,29.79283333333333,85.85796666666666,0.1,0.0
2021-09-30 20:00:00,29.8195,84.60123333333333,0.1,0.0
2021-09-30 20:15:00,29.932,83.59453333333333,0.1,0.0
2021-09-30 20:30:00,30.00783333333333,83.34786666666666,0.1,0.0
2021-09-30 20:45:00,29.94533333333333,83.92786666666666,0.1,0.0
2021-09-30 21:00:00,29.832833333333337,84.95456666666666,0.1,0.0
2021-09-30 21:15:00,29.772,86.88130000000001,0.1,0.0
2021-09-30 21:30:00,29.75616666666667,87.6613,0.1,0.0
2021-09-30 21:45:00,29.720333333333333,88.1913,0.1,0.0
2021-09-30 22:00:00,29.652,88.3513,0.1,0.0
2021-09-30 22:15:00,29.617,89.34796666666666,0.1,0.0
2021-09-30 22:30:00,29.566166666666664,89.62463333333334,0.1,0.0
2021-09-30 22:45:00,29.45533333333333,89.16796666666666,0.1,0.0
2021-09-30 23:00:00,29.43616666666667,89.71796666666667,0.1,0.0
2021-09-30 23:15:00,29.387,90.50463333333336,0.1,0.0
2021-09-30 23:30:00,29.3545,89.81796666666666,0.1,0.0
2021-09-30 23:45:00,24.186666666666667,75.11274999999999,0.1,0.0
